date,rank,ticker,name,industry,market_cap
2026-01-02,1,BANK01,Bank One,Banking,193000
2026-01-02,2,BANK02,Bank Two,Banking,186000
2026-01-02,3,BANK03,Bank Three,Banking,179000
2026-01-02,4,BANK04,Bank Four,Banking,172000
2026-01-02,5,BANK05,Bank Five,Banking,165000
2026-01-02,6,BANK06,Bank Six,Banking,158000
2026-01-02,7,BANK07,Bank Seven,Banking,151000
2026-01-02,8,BANK08,Bank Eight,Banking,144000
2026-01-02,9,RE01,Real Estate One,Real Estate,137000
2026-01-02,10,TECH05,Tech Five,Technology,130000
