date,ticker,close
2026-01-01,TECH01A,100
2026-01-02,TECH01A,105
2026-01-03,TECH01A,110
2026-01-04,TECH01A,118
2026-01-05,TECH01A,125
2026-01-06,TECH01A,130
2026-01-07,TECH01A,135
2026-01-08,TECH01A,140
2026-01-09,TECH01A,130
2026-01-10,TECH01A,125
2026-01-01,TECH01B,100
2026-01-02,TECH01B,102
2026-01-03,TECH01B,104
2026-01-04,TECH01B,106
2026-01-05,TECH01B,108
2026-01-06,TECH01B,110
2026-01-07,TECH01B,111
2026-01-08,TECH01B,112
2026-01-09,TECH01B,113
2026-01-10,TECH01B,114
2026-01-01,TECH02A,100
2026-01-02,TECH02A,101
2026-01-03,TECH02A,99
2026-01-04,TECH02A,102
2026-01-05,TECH02A,98
2026-01-06,TECH02A,100
2026-01-07,TECH02A,97
2026-01-08,TECH02A,96
2026-01-09,TECH02A,95
2026-01-10,TECH02A,94
2026-01-01,TECH06A,100
2026-01-02,TECH06A,103
2026-01-03,TECH06A,107
2026-01-04,TECH06A,111
2026-01-05,TECH06A,115
2026-01-06,TECH06A,118
2026-01-07,TECH06A,120
2026-01-08,TECH06A,122
2026-01-09,TECH06A,121
2026-01-10,TECH06A,119
2026-01-01,RE02A,100
2026-01-02,RE02A,101
2026-01-03,RE02A,100
2026-01-04,RE02A,102
2026-01-05,RE02A,101
2026-01-06,RE02A,99
2026-01-07,RE02A,98
2026-01-08,RE02A,100
2026-01-09,RE02A,101
2026-01-10,RE02A,102
